time,latitude,longitude,depth,mag,magType,nst,gap,dmin,rms,net,id,updated,place,type,horizontalError,depthError,magError,magNst,status,locationSource,magSource
2018-02-12T21:57:18.000Z,32.6008339,-116.9736633,3.43,1.5,ml,33,250,0.03733,0.14,ci,ci38107216,2018-02-12T21:59:32.432Z,"8km NNE of Tijuana, Mexico",earthquake,1.13,0.41,0.243,6,automatic,ci,ci
2018-02-12T20:59:44.580Z,40.2971649,-124.3951645,15.67,1.64,md,5,297,0.1068,0.03,nc,nc72968636,2018-02-12T21:14:04.173Z,"10km WSW of Petrolia, CA",earthquake,4.02,1.37,0.03,3,automatic,nc,nc
2018-02-12T20:55:52.652Z,60.2146,-140.9681,0,2.2,ml,,,,0.99,ak,ak18434908,2018-02-12T21:07:13.329Z,"82km ENE of Cape Yakataga, Alaska",earthquake,,0.3,,,automatic,ak,ak
2018-02-12T20:55:17.052Z,55.9843,-150.0102,10,3.8,ml,,,,0.77,ak,ak18434906,2018-02-12T21:32:26.726Z,"248km SE of Kodiak, Alaska",earthquake,,0,,,reviewed,ak,ak
2018-02-12T20:35:08.200Z,37.6025009,-118.956665,-0.19,1.48,md,18,171,0.01479,0.04,nc,nc72968626,2018-02-12T20:50:03.561Z,"4km SSE of Mammoth Lakes, CA",earthquake,0.4,0.99,0.23,16,automatic,nc,nc
2018-02-12T20:09:04.450Z,37.6268349,-118.333168,2.54,2.1,md,4,145,0.3287,0.04,nc,nc72968621,2018-02-12T21:54:02.913Z,"28km NNE of Dixon Lane-Meadow Creek, CA",earthquake,0.6,9.09,1.18,2,automatic,nc,nc
2018-02-12T20:05:35.950Z,33.5038333,-116.803,3.92,1.65,ml,56,30,0.08235,0.2,ci,ci38107160,2018-02-12T20:16:40.210Z,"9km NE of Aguanga, CA",earthquake,0.19,0.55,0.129,26,automatic,ci,ci
2018-02-12T20:05:15.520Z,38.7399,144.6137,10,4.5,mb,,127,3.131,0.98,us,us2000d13w,2018-02-12T21:19:36.040Z,"243km ESE of Kamaishi, Japan",earthquake,6,1.9,0.073,55,reviewed,us,us
2018-02-12T20:03:28.160Z,45.9988333,-112.4776667,-2,1.56,ml,8,111,0.056,0.11,mb,mb80281204,2018-02-12T20:29:53.420Z,"4km E of Butte, Montana",quarry blast,0.57,31.61,0.176,2,reviewed,mb,mb
2018-02-12T19:43:29.620Z,33.7088333,-117.7006667,0.75,1.81,ml,7,133,0.1935,0.32,ci,ci38107136,2018-02-12T19:47:27.646Z,"4km NW of Foothill Ranch, CA",earthquake,1.37,31.61,0.396,32,automatic,ci,ci
2018-02-12T19:29:08.510Z,38.8271675,-122.7858353,1.05,1.28,md,16,81,0.01287,0.04,nc,nc72968606,2018-02-12T20:58:03.573Z,"6km W of Cobb, CA",earthquake,0.23,0.72,0.14,5,automatic,nc,nc
2018-02-12T18:59:24.990Z,37.8256667,-113.3016667,1.73,1.49,md,8,124,0.1161,0.1,uu,uu60267847,2018-02-12T19:27:24.000Z,"25km WNW of Enoch, Utah",earthquake,0.69,6.7,0.379,4,reviewed,uu,uu
2018-02-12T18:25:50.350Z,38.8100014,-122.7401657,0.22,0.56,md,7,124,0.009605,0.02,nc,nc72968581,2018-02-12T18:35:02.873Z,"2km SW of Cobb, CA",earthquake,0.3,1.94,0.3,3,automatic,nc,nc
2018-02-12T17:59:19.330Z,38.810833,-122.7460022,0.63,0.73,md,6,128,0.009313,0.01,nc,nc72968576,2018-02-12T18:47:03.585Z,"2km WSW of Cobb, CA",earthquake,0.8,1.39,0.2,2,automatic,nc,nc
2018-02-12T17:47:44.320Z,37.6591667,-118.8438333,2.34,0.79,md,17,87,0.02209,0.04,nc,nc72968571,2018-02-12T21:48:53.592Z,"12km ENE of Mammoth Lakes, CA",earthquake,0.23,0.43,0.204,14,reviewed,nc,nc
2018-02-12T17:39:09.780Z,38.8258324,-122.7998352,2.83,0.88,md,16,53,0.00836,0.04,nc,nc72968566,2018-02-12T17:48:02.661Z,"7km NW of The Geysers, CA",earthquake,0.3,0.73,0.13,3,automatic,nc,nc
2018-02-12T17:30:45.010Z,37.6608315,-118.8440018,2.52,1.6,md,26,90,0.02373,0.06,nc,nc72968556,2018-02-12T21:42:02.891Z,"12km ENE of Mammoth Lakes, CA",earthquake,0.24,0.4,0.34,20,automatic,nc,nc
2018-02-12T17:25:54.170Z,37.6608333,-118.8425,2.32,0.65,md,10,204,0.02343,0.05,nc,nc72968551,2018-02-12T21:54:01.913Z,"12km ENE of Mammoth Lakes, CA",earthquake,0.56,0.92,0.244,8,reviewed,nc,nc
2018-02-12T17:24:07.681Z,61.8724,-150.8317,10.4,2,ml,,,,0.58,ak,ak18434469,2018-02-12T17:31:24.826Z,"44km WNW of Willow, Alaska",earthquake,,0.2,,,automatic,ak,ak
2018-02-12T17:21:36.840Z,37.66,-118.8443333,2.56,1.16,md,23,75,0.023,0.06,nc,nc72968546,2018-02-12T21:42:01.891Z,"12km ENE of Mammoth Lakes, CA",earthquake,0.21,0.45,0.361,18,reviewed,nc,nc
2018-02-12T17:20:02.960Z,37.6688333,-118.873,2.87,1.16,md,21,75,0.0295,0.05,nc,nc72968541,2018-02-12T21:38:01.883Z,"10km ENE of Mammoth Lakes, CA",earthquake,0.25,0.35,0.34,18,reviewed,nc,nc
2018-02-12T17:17:59.830Z,33.5058333,-116.7943333,6.15,1.02,ml,32,52,0.07615,0.19,ci,ci38107072,2018-02-12T17:40:06.790Z,"10km NE of Aguanga, CA",earthquake,0.22,0.76,0.083,25,reviewed,ci,ci
2018-02-12T17:13:41.030Z,37.5441667,-118.9751667,3.95,0.52,md,11,241,0.07384,0.09,nc,nc72968536,2018-02-12T21:31:01.873Z,"10km S of Mammoth Lakes, CA",earthquake,0.85,1.4,0.166,8,reviewed,nc,nc
2018-02-12T16:56:50.820Z,37.6205,-118.8666667,6.14,0.43,md,10,141,0.003311,0.02,nc,nc72968531,2018-02-12T21:45:05.896Z,"10km E of Mammoth Lakes, CA",earthquake,1.27,0.44,0.135,8,reviewed,nc,nc
2018-02-12T16:44:57.120Z,38.8380013,-122.8363342,1.55,0.56,md,9,100,0.0149,0.01,nc,nc72968526,2018-02-12T19:23:03.262Z,"10km NW of The Geysers, CA",earthquake,0.3,0.73,0.01,2,automatic,nc,nc
2018-02-12T16:44:11.960Z,33.8843333,-117.0345,3.02,1.33,ml,34,49,0.1058,0.24,ci,ci38107056,2018-02-12T16:47:49.326Z,"7km SW of Beaumont, CA",earthquake,0.45,2.01,0.145,33,automatic,ci,ci
2018-02-12T16:38:33.300Z,35.2561667,-118.606,5.88,1.43,ml,16,114,0.07224,0.11,ci,ci38107048,2018-02-12T17:39:27.546Z,"20km NW of Tehachapi, CA",earthquake,0.25,0.79,0.176,26,reviewed,ci,ci
2018-02-12T16:24:38.529Z,60.2656,-152.5145,98.7,1.6,ml,,,,0.38,ak,ak18434317,2018-02-12T17:54:05.071Z,"27km SSE of Redoubt Volcano, Alaska",earthquake,,0.7,,,reviewed,ak,ak
2018-02-12T16:23:16.070Z,44.8318333,-123.5111667,10.13,1.69,ml,10,84,0.06712,0.13,uw,uw61368776,2018-02-12T19:09:58.810Z,"18km WSW of Dallas, Oregon",earthquake,0.34,0.94,0.26,5,reviewed,uw,uw
2018-02-12T16:16:49.760Z,19.201,-155.4651667,35.92,2.67,ml,49,101,0.04544,0.1,hv,hv70035892,2018-02-12T21:27:37.790Z,"1km ESE of Pahala, Hawaii",earthquake,0.62,0.86,0.091,8,reviewed,hv,hv
2018-02-12T16:14:28.790Z,56.1527,-149.8087,10,3.5,ml,,206,2.198,0.47,us,us2000d0yv,2018-02-12T17:24:02.040Z,"241km SE of Kodiak, Alaska",earthquake,6.6,2,0.056,42,reviewed,us,us
2018-02-12T16:13:43.620Z,33.4958333,-116.4615,7.45,0.67,ml,23,103,0.08458,0.22,ci,ci38107032,2018-02-12T17:39:47.175Z,"21km ESE of Anza, CA",earthquake,0.39,1.12,0.13,15,reviewed,ci,ci
2018-02-12T15:58:57.540Z,33.4826667,-116.4533333,7.81,0.85,ml,19,146,0.125,0.2,ci,ci38107024,2018-02-12T17:39:44.512Z,"22km ESE of Anza, CA",earthquake,0.36,1.3,0.165,24,reviewed,ci,ci
2018-02-12T15:55:18.720Z,37.6678333,-118.8673333,1.98,-0.14,md,8,187,0.0331,0.03,nc,nc72968516,2018-02-12T21:15:47.226Z,"10km ENE of Mammoth Lakes, CA",earthquake,0.87,1.46,0.198,7,reviewed,nc,nc
2018-02-12T15:49:25.630Z,37.672,-118.8718333,3,1.2,md,22,76,0.03035,0.06,nc,nc72968511,2018-02-12T21:34:03.877Z,"10km ENE of Mammoth Lakes, CA",earthquake,0.24,0.53,0.291,17,reviewed,nc,nc
2018-02-12T15:38:18.940Z,-5.9073,102.7044,19.03,4.3,mb,,90,1.556,1.2,us,us2000d0y7,2018-02-12T16:21:26.040Z,"151km SW of Kuripan, Indonesia",earthquake,5.1,5.5,0.104,26,reviewed,us,us
2018-02-12T15:26:11.890Z,34.0648333,-117.7955,13.54,1.69,ml,52,54,0.02858,0.24,ci,ci38107000,2018-02-12T17:40:02.233Z,"4km W of Pomona, CA",earthquake,0.34,0.61,0.176,30,reviewed,ci,ci
2018-02-12T15:05:40.030Z,34.0335,-117.1253333,14.94,2.09,ml,81,38,0.01091,0.22,ci,ci38106992,2018-02-12T15:16:21.260Z,"4km SSE of Mentone, CA",earthquake,0.21,0.39,0.204,24,automatic,ci,ci
2018-02-12T14:46:53.410Z,46.8558333,-112.5145,16.93,0.3,md,7,100,0.139,0.07,mb,mb80281209,2018-02-12T20:38:36.040Z,"16km SE of Lincoln, Montana",earthquake,0.35,0.77,0.437,3,reviewed,mb,mb
2018-02-12T14:41:10.050Z,34.3203333,-116.4478333,8.81,1.23,ml,19,71,0.06122,0.19,ci,ci38106976,2018-02-12T17:40:18.786Z,"23km N of Yucca Valley, CA",earthquake,0.43,0.77,0.155,25,reviewed,ci,ci
2018-02-12T14:35:53.140Z,38.8196678,-122.8446655,2.03,0.74,md,13,88,0.008277,0.03,nc,nc72968481,2018-02-12T16:11:03.260Z,"9km WNW of The Geysers, CA",earthquake,0.31,0.86,,1,automatic,nc,nc
2018-02-12T14:26:42.990Z,19.4046669,-155.2839966,0,1.7,ml,18,41,0.007881,0.11,hv,hv70035847,2018-02-12T14:32:21.060Z,"5km WSW of Volcano, Hawaii",earthquake,0.14,0.25,0.09,4,automatic,hv,hv
2018-02-12T14:24:51.350Z,28.9484,-97.9663,5,3.1,mb_lg,,120,0.166,0.4,us,us2000d0xm,2018-02-12T21:10:10.055Z,"9km NW of Karnes City, Texas",earthquake,2.6,2,0.068,56,reviewed,us,us
2018-02-12T14:15:02.790Z,37.5641667,-118.837,1.31,0.49,md,9,268,0.02657,0.01,nc,nc72968471,2018-02-12T21:24:02.856Z,"14km W of Toms Place, CA",earthquake,1.55,1.19,0.235,8,reviewed,nc,nc
2018-02-12T14:10:50.120Z,38.8246651,-122.8511658,1.71,0.32,md,9,92,0.005305,0.03,nc,nc72968466,2018-02-12T15:28:03.021Z,"10km WNW of The Geysers, CA",earthquake,0.39,0.7,0.24,2,automatic,nc,nc
2018-02-12T14:07:52.440Z,33.5178333,-116.7926667,5.41,0.13,ml,17,96,0.06625,0.09,ci,ci38106968,2018-02-12T17:40:20.913Z,"11km NE of Aguanga, CA",earthquake,0.21,0.66,0.073,8,reviewed,ci,ci
2018-02-12T14:00:46.947Z,60.1364,-140.8188,0.5,1.7,ml,,,,0.41,ak,ak18433442,2018-02-12T14:03:58.233Z,"89km NW of Yakutat, Alaska",earthquake,,0.2,,,automatic,ak,ak
2018-02-12T13:59:39.700Z,38.7779999,-122.7233353,1.86,0.37,md,8,125,0.006712,0.02,nc,nc72968461,2018-02-12T14:59:02.970Z,"3km W of Anderson Springs, CA",earthquake,0.48,0.79,0.28,3,automatic,nc,nc
2018-02-12T13:58:15.230Z,38.8216667,-122.7783356,0.08,0.55,md,10,58,0.008594,0.01,nc,nc72968456,2018-02-12T14:31:02.922Z,"5km W of Cobb, CA",earthquake,0.21,0.48,0.16,3,automatic,nc,nc
2018-02-12T13:56:26.940Z,46.8543333,-121.9463333,11.19,0.59,ml,5,211,0.07977,0.08,uw,uw61368771,2018-02-12T18:56:34.540Z,"24km E of Eatonville, Washington",earthquake,0.79,0.89,0.189,5,reviewed,uw,uw
2018-02-12T13:35:31.070Z,33.5171667,-116.7845,6.59,0.39,ml,13,135,0.0622,0.13,ci,ci38106952,2018-02-12T17:40:37.619Z,"11km WSW of Anza, CA",earthquake,0.37,0.8,0.173,15,reviewed,ci,ci
2018-02-12T13:26:02.010Z,46.9121667,-121.9636667,3.85,0.96,ml,16,60,0.03273,0.14,uw,uw61368766,2018-02-12T18:11:39.310Z,"23km ENE of Eatonville, Washington",earthquake,0.34,0.82,0.196,12,reviewed,uw,uw
2018-02-12T13:20:10.510Z,38.8253326,-122.8550034,1.74,0.96,md,9,114,0.01576,0.03,nc,nc72968451,2018-02-12T13:53:02.855Z,"10km WNW of The Geysers, CA",earthquake,0.4,0.88,0.07,2,automatic,nc,nc
2018-02-12T13:15:55.180Z,48.3325,-124.5513333,31.54,2.1,ml,15,78,0.04578,0.18,uw,uw61368756,2018-02-12T18:28:09.020Z,"6km SE of Neah Bay, Washington",earthquake,0.53,0.71,0.131,10,reviewed,uw,uw
2018-02-12T13:01:59.240Z,46.8161667,-111.6213333,1.52,1.66,ml,17,111,0.359,0.13,mb,mb80281159,2018-02-12T15:21:23.290Z,"28km ENE of Helena Valley Northeast, Montana",earthquake,0.65,3.99,0.227,2,reviewed,mb,mb
2018-02-12T12:58:45.350Z,37.8518333,-122.2371674,2.83,1.05,md,8,228,0.02353,0.03,nc,nc72968446,2018-02-12T13:28:02.795Z,"3km N of Piedmont, CA",earthquake,1.07,0.56,0.1,6,automatic,nc,nc
2018-02-12T12:42:20.610Z,46.0026667,-111.3978333,5.82,0.39,md,6,161,0.197,0.1,mb,mb80281214,2018-02-12T20:42:43.300Z,"17km NE of Three Forks, Montana",earthquake,0.82,6.91,0.249,3,reviewed,mb,mb
2018-02-12T12:41:52.671Z,64.8321,-147.5114,14.9,0.4,ml,,,,0.34,ak,ak18432612,2018-02-12T12:49:22.968Z,"3km NNE of Badger, Alaska",earthquake,,0.7,,,automatic,ak,ak
2018-02-12T12:14:50.930Z,33.5128333,-116.447,6.13,0.67,ml,25,103,0.02068,0.2,ci,ci38106944,2018-02-12T17:40:57.035Z,"21km SW of La Quinta, CA",earthquake,0.39,0.68,0.101,18,reviewed,ci,ci
2018-02-12T11:42:07.920Z,62.3124,-149.4229,56.7,1.2,ml,,,,0.1,ak,ak18432188,2018-02-12T11:45:25.870Z,"27km NE of Y, Alaska",earthquake,,1.6,,,automatic,ak,ak
2018-02-12T11:17:24.100Z,33.4775,-116.459,5.39,1.34,ml,45,103,0.05357,0.2,ci,ci38106936,2018-02-12T17:42:21.440Z,"22km ESE of Anza, CA",earthquake,0.23,0.72,0.219,26,reviewed,ci,ci
2018-02-12T10:36:50.092Z,62.3284,-150.2565,9.8,1.2,ml,,,,0.66,ak,ak18431775,2018-02-12T10:43:01.960Z,"7km W of Talkeetna, Alaska",earthquake,,2,,,automatic,ak,ak
2018-02-12T10:31:32.380Z,38.2234,115.8472,10,4.6,mb,,165,9.533,0.47,us,us2000d0va,2018-02-12T19:17:51.448Z,"56km NNE of Hengshui, China",earthquake,12.1,2,0.103,28,reviewed,us,us
2018-02-12T10:21:50.660Z,38.8414993,-122.828331,1.64,0.81,md,12,103,0.006299,0.04,nc,nc72968436,2018-02-12T11:14:03.554Z,"9km WNW of Cobb, CA",earthquake,0.3,0.63,0.24,2,automatic,nc,nc
2018-02-12T09:57:54.330Z,48.0128333,-122.245,22.66,0.86,ml,10,105,0.02788,0.1,uw,uw61368736,2018-02-12T19:40:35.070Z,"4km NW of Everett, Washington",earthquake,0.35,0.85,0.111,5,reviewed,uw,uw
2018-02-12T09:56:54.440Z,-2.0957,100.6143,67.05,4.6,mb,,170,2.443,0.68,us,us2000d0v9,2018-02-12T10:42:40.040Z,"82km S of Painan, Indonesia",earthquake,9,8.2,0.098,31,reviewed,us,us
2018-02-12T09:25:30.950Z,46.2071667,-122.202,1.9,-0.17,md,4,170,0.01132,0.04,uw,uw61368731,2018-02-12T19:24:32.250Z,"38km NNE of Amboy, Washington",earthquake,1.66,0.76,0.697,2,reviewed,uw,uw
2018-02-12T09:22:18.513Z,62.7221,-149.8456,67.2,1.6,ml,,,,0.49,ak,ak18431761,2018-02-12T09:35:01.458Z,"46km NNE of Talkeetna, Alaska",earthquake,,0.6,,,automatic,ak,ak
2018-02-12T09:15:03.530Z,33.5808333,-116.817,8.99,0.79,ml,28,44,0.04598,0.2,ci,ci38106928,2018-02-12T17:42:24.780Z,"14km WNW of Anza, CA",earthquake,0.32,0.65,0.147,24,reviewed,ci,ci
2018-02-12T08:53:26.759Z,65.9875,-147.9034,1,1.6,ml,,,,0.55,ak,ak18431358,2018-02-12T09:10:43.605Z,"126km N of College, Alaska",earthquake,,0.3,,,automatic,ak,ak
2018-02-12T08:40:20.710Z,33.5333333,-116.7211667,3.46,0.03,ml,15,175,0.0347,0.1,ci,ci38106920,2018-02-12T16:57:13.843Z,"5km WSW of Anza, CA",earthquake,0.24,0.41,0.226,10,reviewed,ci,ci
2018-02-12T08:33:02.740Z,33.7033333,-116.7145,16.09,0.94,ml,40,54,0.007818,0.16,ci,ci38106912,2018-02-12T17:42:28.170Z,"4km S of Idyllwild, CA",earthquake,0.23,0.4,0.184,28,reviewed,ci,ci
2018-02-12T08:28:13.870Z,46.5383333,-122.3231667,0.85,0.65,ml,11,185,0.1159,0.13,uw,uw61368726,2018-02-12T21:58:25.250Z,"4km WSW of Morton, Washington",earthquake,0.63,9.9,0.097,11,reviewed,uw,uw
2018-02-12T08:05:33.770Z,33.5131667,-116.4613333,6.11,0.65,ml,19,99,0.03147,0.19,ci,ci38106904,2018-02-12T17:41:46.460Z,"20km ESE of Anza, CA",earthquake,0.29,0.68,0.185,18,reviewed,ci,ci
2018-02-12T08:03:20.978Z,62.3328,-150.4002,19.5,1.5,ml,,,,0.48,ak,ak18431354,2018-02-12T08:10:41.342Z,"15km W of Talkeetna, Alaska",earthquake,,0.2,,,automatic,ak,ak
2018-02-12T08:02:57.980Z,34.199,-117.0096667,12.34,2.21,ml,82,27,0.09703,0.17,ci,ci38106896,2018-02-12T08:14:05.380Z,"9km E of Running Springs, CA",earthquake,0.18,0.44,0.203,25,automatic,ci,ci
2018-02-12T07:53:59.540Z,33.7535,-116.077,11.58,0.6,ml,13,99,0.1026,0.18,ci,ci38106888,2018-02-12T07:57:26.154Z,"12km NE of Coachella, CA",earthquake,0.44,1.4,0.097,9,automatic,ci,ci
2018-02-12T07:43:03.300Z,33.9848333,-116.9286667,4.83,0.58,ml,9,79,0.06478,0.09,ci,ci38106880,2018-02-12T07:46:35.088Z,"8km NE of Beaumont, CA",earthquake,0.39,0.94,0.104,11,automatic,ci,ci
2018-02-12T07:41:00.960Z,36.9281,71.5092,10,4.5,mb,,99,0.772,1.16,us,us2000d0uc,2018-02-12T11:10:43.040Z,"24km NNW of Ishkashim, Tajikistan",earthquake,4.6,1.9,0.113,23,reviewed,us,us
2018-02-12T07:26:38.740Z,19.3028,-66.1926,53,3.37,md,11,297,0.9997,0.48,pr,pr2018043002,2018-02-12T13:40:52.040Z,"103km N of San Juan, Puerto Rico",earthquake,3.96,13.78,0.12,8,reviewed,pr,pr
2018-02-12T07:26:27.600Z,56.1457,-149.472,20.32,3.7,ml,,203,2.365,0.96,us,us2000d0u7,2018-02-12T16:55:33.231Z,"255km SE of Kodiak, Alaska",earthquake,8.4,9.8,0.053,46,reviewed,us,us
2018-02-12T07:20:35.000Z,19.2608,-66.1236,67,3.24,md,8,305,0.9526,0.4,pr,pr2018043001,2018-02-12T13:44:49.040Z,"105km N of San Juan, Puerto Rico",earthquake,4.89,9.96,0.15,6,reviewed,pr,pr
2018-02-12T07:15:47.110Z,33.5083333,-116.7973333,4.54,0.25,ml,18,102,0.07585,0.2,ci,ci38106872,2018-02-12T17:42:18.098Z,"10km NE of Aguanga, CA",earthquake,0.34,0.75,0.086,10,reviewed,ci,ci
2018-02-12T07:08:54.860Z,33.4955,-116.7963333,4.97,1.89,ml,72,31,0.08539,0.23,ci,ci38106864,2018-02-12T17:43:34.310Z,"9km NE of Aguanga, CA",earthquake,0.2,1.14,0.141,26,reviewed,ci,ci
2018-02-12T07:05:00.290Z,33.4938333,-116.4751667,13.97,0.88,ml,34,98,0.05077,0.16,ci,ci38106856,2018-02-12T17:44:22.324Z,"20km ESE of Anza, CA",earthquake,0.22,0.48,0.204,27,reviewed,ci,ci
2018-02-12T07:03:45.500Z,33.4828333,-116.7851667,4.68,0.62,ml,28,39,0.09154,0.14,ci,ci38106848,2018-02-12T17:45:40.740Z,"9km ENE of Aguanga, CA",earthquake,0.18,1.25,0.126,20,reviewed,ci,ci
2018-02-12T06:59:28.100Z,33.484,-116.785,4.37,0.75,ml,31,39,0.09044,0.15,ci,ci38106840,2018-02-12T17:45:43.920Z,"9km ENE of Aguanga, CA",earthquake,0.19,0.47,0.123,24,reviewed,ci,ci
2018-02-12T06:58:59.370Z,37.5153333,-118.8796667,3.94,0.79,md,8,179,0.0847,0.02,nc,nc72968361,2018-02-12T21:10:02.594Z,"16km SSE of Mammoth Lakes, CA",earthquake,0.89,2.63,0.328,7,reviewed,nc,nc
2018-02-12T06:56:05.390Z,38.7748337,-122.7481689,0.51,1.2,md,10,81,0.01226,0.02,nc,nc72968356,2018-02-12T08:29:02.264Z,"1km ESE of The Geysers, CA",earthquake,0.39,0.51,0.3,3,automatic,nc,nc
2018-02-12T06:31:44.690Z,33.5105,-116.7906667,6.02,0.61,ml,26,38,0.0706,0.16,ci,ci38106832,2018-02-12T17:45:27.122Z,"10km NE of Aguanga, CA",earthquake,0.22,0.93,0.085,18,reviewed,ci,ci
2018-02-12T06:23:42.530Z,38.7949982,-122.7656631,0.42,0.62,md,7,105,0.02169,0.02,nc,nc72968341,2018-02-12T08:00:04.212Z,"2km NNW of The Geysers, CA",earthquake,0.35,1.86,0.15,3,automatic,nc,nc
2018-02-12T06:15:53.280Z,36.4039993,-120.9684982,0.29,1.75,md,10,160,0.04575,0.07,nc,nc72968331,2018-02-12T07:05:04.310Z,"21km SE of Pinnacles, CA",earthquake,0.69,0.93,0.2,7,automatic,nc,nc
2018-02-12T06:14:21.220Z,33.4926667,-116.7951667,4.86,0.23,ml,13,67,0.08717,0.09,ci,ci38106824,2018-02-12T06:18:03.461Z,"8km NE of Aguanga, CA",earthquake,0.25,1.21,0.054,7,automatic,ci,ci
2018-02-12T06:11:18.355Z,61.1667,-139.8408,0,1.8,ml,,,,0.59,ak,ak18431335,2018-02-12T06:23:43.391Z,"134km WNW of Haines Junction, Canada",earthquake,,0.4,,,automatic,ak,ak
2018-02-12T06:08:16.996Z,61.1912,-139.855,13.2,1.2,ml,,,,0.25,ak,ak18431334,2018-02-12T06:13:35.584Z,"136km WNW of Haines Junction, Canada",earthquake,,0.3,,,automatic,ak,ak
2018-02-12T06:02:23.610Z,38.7891655,-122.762001,0.7,1.2,md,13,161,0.02062,0.03,nc,nc72968326,2018-02-12T06:39:04.077Z,"1km NNW of The Geysers, CA",earthquake,0.41,0.81,0.1,3,automatic,nc,nc
2018-02-12T05:58:18.830Z,39.546,20.5468,10,3.8,mwr,,53,0.603,1.37,us,us2000d0tm,2018-02-12T13:31:24.040Z,"8km NNE of Paramythia, Greece",earthquake,3.8,1.5,0.089,12,reviewed,us,us
2018-02-12T05:57:09.944Z,51.4372,-178.3312,25.9,2.3,ml,,,,0.35,ak,ak18431332,2018-02-12T17:33:06.531Z,"51km SSW of Tanaga Volcano, Alaska",earthquake,,18.4,,,reviewed,ak,ak
2018-02-12T05:53:22.660Z,33.501,-116.7926667,6.18,1.4,ml,52,30,0.07915,0.18,ci,ci38106816,2018-02-12T17:46:48.830Z,"9km NE of Aguanga, CA",earthquake,0.17,0.63,0.13,26,reviewed,ci,ci
2018-02-12T05:50:52.490Z,33.4963333,-116.7985,4.46,2.44,ml,90,30,0.08578,0.22,ci,ci38106808,2018-02-12T06:02:27.720Z,"9km NE of Aguanga, CA",earthquake,0.17,0.57,0.152,26,automatic,ci,ci
2018-02-12T05:40:21.390Z,59.9734,-140.6933,9.4,1.5,ml,,,,0.38,ak,ak18431329,2018-02-12T05:42:58.682Z,"72km NW of Yakutat, Alaska",earthquake,,0.4,,,automatic,ak,ak
2018-02-12T05:29:09.810Z,12.1846,-88.8995,50.95,4.4,mb,,155,1.527,1.01,us,us2000d0t8,2018-02-12T11:00:25.040Z,"127km SSW of Puerto El Triunfo, El Salvador",earthquake,6.5,8,0.053,104,reviewed,us,us
2018-02-12T05:18:02.100Z,19.2043343,-155.522995,35.53,2.05,md,45,82,0.04934,0.16,hv,hv70035667,2018-02-12T05:21:22.890Z,"4km W of Pahala, Hawaii",earthquake,0.58,1.11,0.16,19,automatic,hv,hv
2018-02-12T05:02:14.860Z,33.4975,-116.7841667,6.4,0.64,ml,31,33,0.07822,0.15,ci,ci38106792,2018-02-12T17:46:53.460Z,"10km NE of Aguanga, CA",earthquake,0.2,0.7,0.155,20,reviewed,ci,ci
2018-02-12T04:48:06.890Z,47.7498333,-122.7948333,15.72,1.49,ml,11,90,0.1009,0.19,uw,uw61368701,2018-02-12T19:55:36.830Z,"11km W of Poulsbo, Washington",earthquake,0.56,0.66,0.161,19,reviewed,uw,uw
2018-02-12T04:05:02.100Z,38.8088341,-122.810997,-0.62,0.93,md,13,138,0.01229,0.33,nc,nc72968306,2018-02-12T04:38:02.768Z,"6km NW of The Geysers, CA",earthquake,0.76,3.14,0.08,2,automatic,nc,nc
2018-02-12T04:03:18.769Z,64.5045,-150.7972,0,1.4,ml,,,,0.82,ak,ak18430925,2018-02-12T04:10:44.259Z,"55km S of Manley Hot Springs, Alaska",earthquake,,0.5,,,automatic,ak,ak
2018-02-12T03:55:00.958Z,65.9204,-151.0077,2.7,1.4,ml,,,,1.03,ak,ak18430924,2018-02-12T04:10:44.514Z,"97km NNE of Tanana, Alaska",earthquake,,0.4,,,automatic,ak,ak
2018-02-12T03:49:55.946Z,66.7144,-151.6896,0,1.5,ml,,,,0.76,ak,ak18430921,2018-02-12T03:59:45.774Z,"46km ENE of New Allakaket, Alaska",earthquake,,0.5,,,automatic,ak,ak
2018-02-12T03:27:12.370Z,19.2886,-65.7521,82,3.18,md,4,319,1.0341,0.12,pr,pr2018043000,2018-02-12T07:32:35.324Z,"95km N of Vieques, Puerto Rico",earthquake,4.51,6.86,0.01,3,reviewed,pr,pr
2018-02-12T03:22:47.100Z,43.5207,-127.2408,10,3.1,ml,,259,2.222,0.84,us,us2000d0rx,2018-02-12T20:47:04.499Z,"234km WNW of Bandon, Oregon",earthquake,7.5,2,0.042,74,reviewed,us,us
2018-02-12T03:07:27.800Z,34.0303333,-117.037,13.26,0.81,ml,19,52,0.06283,0.15,ci,ci38106776,2018-02-12T17:45:47.513Z,"1km ESE of Yucaipa, CA",earthquake,0.3,0.77,0.145,21,reviewed,ci,ci
2018-02-12T03:04:30.200Z,56.2673,-149.8771,20.1,3.7,ml,,227,2.108,0.47,us,us2000d0rg,2018-02-12T04:13:19.040Z,"228km SE of Kodiak, Alaska",earthquake,7.8,11.2,0.051,50,reviewed,us,us
2018-02-12T03:02:00.490Z,38.7781677,-122.74617,1.4,1.18,md,11,73,0.008951,0.03,nc,nc72968286,2018-02-12T03:35:02.655Z,"1km E of The Geysers, CA",earthquake,0.4,0.57,0.15,4,automatic,nc,nc
2018-02-12T02:48:38.290Z,-4.4943,143.5065,109.63,4.4,mb,,135,4.558,0.54,us,us2000d0rb,2018-02-12T03:04:38.040Z,"78km ESE of Ambunti, Papua New Guinea",earthquake,9.8,17.8,0.219,6,reviewed,us,us
2018-02-12T02:45:40.514Z,59.8143,-145.0295,9.9,2.1,ml,,,,0.88,ak,ak18430513,2018-02-12T03:00:33.235Z,"84km ENE of Middleton Island, Alaska",earthquake,,3.7,,,automatic,ak,ak
2018-02-12T02:35:11.660Z,38.8195,-122.7998352,2.41,0.55,md,11,66,0.008894,0.05,nc,nc72968276,2018-02-12T03:07:02.617Z,"6km NW of The Geysers, CA",earthquake,0.48,0.52,0.16,3,automatic,nc,nc
2018-02-12T02:27:15.090Z,-8.312,119.6142,174.97,4.3,mb,,89,2.615,0.85,us,us2000d0qv,2018-02-12T02:39:17.040Z,"32km NNE of Komodo, Indonesia",earthquake,9.4,11.3,0.168,10,reviewed,us,us
2018-02-12T02:05:34.990Z,60.2603,-141.2022,17.7,1.4,ml,,,,0.47,ak,ak18430492,2018-02-12T02:09:06.357Z,"71km ENE of Cape Yakataga, Alaska",earthquake,,0.2,,,automatic,ak,ak
2018-02-12T02:01:34.400Z,11.5364,-60.4796,50.85,4.2,mb,,100,1.293,0.47,us,us2000d0qt,2018-02-12T02:15:35.040Z,"33km NNE of Roxborough, Trinidad and Tobago",earthquake,7.5,12.7,0.2,7,reviewed,us,us
2018-02-12T02:00:43.045Z,64.5796,-149.1594,0,1.3,ml,,,,0.83,ak,ak18430490,2018-02-12T02:07:25.001Z,"2km W of North Nenana, Alaska",earthquake,,28.6,,,automatic,ak,ak
2018-02-12T01:46:50.250Z,46.8985,-112.503,15.12,0.33,md,8,132,0.119,0.08,mb,mb80281154,2018-02-12T15:24:31.230Z,"14km ESE of Lincoln, Montana",earthquake,0.61,0.48,,1,reviewed,mb,mb
2018-02-12T01:43:27.810Z,33.5593333,-116.709,0.81,-0.09,ml,8,101,0.02439,0.16,ci,ci38106760,2018-02-12T01:47:12.632Z,"3km W of Anza, CA",earthquake,0.77,1.16,0.111,4,automatic,ci,ci
2018-02-12T01:25:32.270Z,55.942,-149.7289,9.77,4.1,mb,,181,2.35,0.71,us,us2000d0qp,2018-02-12T04:42:11.040Z,"262km SE of Kodiak, Alaska",earthquake,7.5,7.1,0.369,2,reviewed,us,us
2018-02-12T01:22:11.560Z,33.5121667,-116.7896667,6.58,0.45,ml,23,66,0.06879,0.16,ci,ci38106752,2018-02-12T17:46:56.770Z,"10km NE of Aguanga, CA",earthquake,0.25,0.81,0.159,14,reviewed,ci,ci
2018-02-12T01:16:57.260Z,35.8748333,-90.0048333,20.6,2.07,md,30,69,0.06432,0.13,nm,nm60187882,2018-02-12T19:26:25.486Z,"9km SW of Blytheville, Arkansas",earthquake,0.61,0.29,0.06,15,reviewed,nm,nm
2018-02-12T01:10:15.390Z,38.8051682,-122.7788315,1.33,1.01,md,14,60,0.008208,0.05,nc,nc72968246,2018-02-12T01:42:03.462Z,"4km NNW of The Geysers, CA",earthquake,0.23,0.55,0.18,4,automatic,nc,nc
2018-02-12T01:09:20.230Z,33.4891667,-116.4556667,2.23,0.48,ml,19,62,0.09276,0.22,ci,ci38106744,2018-02-12T01:13:01.105Z,"22km ESE of Anza, CA",earthquake,0.29,0.57,0.085,12,automatic,ci,ci
2018-02-12T01:04:00.916Z,62.7369,-149.8539,71.7,1.4,ml,,,,0.39,ak,ak18430075,2018-02-12T03:05:47.302Z,"47km NNE of Talkeetna, Alaska",earthquake,,0.6,,,reviewed,ak,ak
2018-02-12T00:52:33.560Z,6.0927,133.6609,10,5,mb,,65,8.087,0.7,us,us2000d0qi,2018-02-12T01:15:40.040Z,"103km SSW of Angaur State, Palau",earthquake,8.7,1.8,0.047,145,reviewed,us,us
2018-02-12T00:29:37.920Z,34.2548333,-116.8828333,7.12,1.21,ml,40,44,0.03228,0.2,ci,ci38106728,2018-02-12T17:46:24.265Z,"3km ENE of Big Bear Lake, CA",earthquake,0.32,0.66,0.1,26,reviewed,ci,ci
2018-02-12T00:16:00.360Z,38.8396683,-122.8379974,1.69,1.01,md,14,123,0.002237,0.03,nc,nc72968221,2018-02-12T00:48:02.282Z,"10km NW of The Geysers, CA",earthquake,0.29,0.48,0.15,3,automatic,nc,nc
2018-02-12T00:07:46.656Z,57.4441,-150.9753,10.7,2.8,ml,,,,0.74,ak,ak18429682,2018-02-12T00:10:57.608Z,"93km ESE of Kodiak, Alaska",earthquake,,0.7,,,automatic,ak,ak
2018-02-12T00:03:41.294Z,61.7904,-149.0133,36.6,1.8,ml,,,,0.69,ak,ak18429677,2018-02-12T00:07:13.725Z,"8km W of Sutton-Alpine, Alaska",earthquake,,0.4,,,automatic,ak,ak
2018-02-12T00:03:16.918Z,64.1476,-146.9523,0,1.4,ml,,,,0.58,ak,ak18429675,2018-02-12T00:17:43.037Z,"42km S of Salcha, Alaska",earthquake,,0.3,,,automatic,ak,ak
2018-02-11T23:46:20.525Z,38.8602,-118.8631,9.1,0.8,ml,5,119.81,0.353,0.0575,nn,nn00621418,2018-02-12T00:08:58.098Z,"29km ESE of Yerington, Nevada",earthquake,,24.6,0.22,2,reviewed,nn,nn
2018-02-11T23:14:24.590Z,31.0511,-104.7415,5,2.5,mb_lg,,89,0.336,0.47,us,us2000d0p0,2018-02-12T00:05:17.930Z,"8km E of Van Horn, Texas",earthquake,2.8,1.9,0.111,21,reviewed,us,us
2018-02-11T23:14:14.960Z,13.8056,146.4109,10,6,mww,,27,1.514,0.93,us,us2000d0p1,2018-02-12T01:58:37.347Z,"136km ESE of Rota, Northern Mariana Islands",earthquake,8,1.8,0.073,18,reviewed,us,us
2018-02-11T23:11:53.080Z,-25.6746,-71.0147,35,4.1,mb,,157,0.602,0.76,us,us2000d0nx,2018-02-12T00:10:32.040Z,"61km WSW of Taltal, Chile",earthquake,5.4,2,0.198,7,reviewed,us,us
2018-02-11T23:09:32.820Z,33.47,-116.5201667,11.65,0.56,ml,13,91,0.07285,0.2,ci,ci38106696,2018-02-11T23:13:18.792Z,"17km ESE of Anza, CA",earthquake,0.58,0.88,0.196,13,automatic,ci,ci
2018-02-11T22:57:20.920Z,33.5031667,-116.795,4.22,1.59,ml,62,32,0.07858,0.19,ci,ci38106680,2018-02-12T17:47:00.130Z,"9km NE of Aguanga, CA",earthquake,0.17,0.49,0.132,26,reviewed,ci,ci
2018-02-11T22:46:21.250Z,33.4876667,-116.787,6.47,0.29,ml,15,82,0.08794,0.21,ci,ci38106664,2018-02-11T22:50:06.717Z,"9km NE of Aguanga, CA",earthquake,0.39,1.19,0.203,8,automatic,ci,ci
2018-02-11T22:39:26.380Z,33.6743333,-116.7215,14.13,0.65,ml,22,84,0.03724,0.14,ci,ci38106656,2018-02-11T22:43:06.189Z,"7km S of Idyllwild, CA",earthquake,0.32,0.51,0.159,20,automatic,ci,ci
2018-02-11T22:33:43.010Z,44.2733333,-114.5781667,12.36,2.5,ml,9,105,0.72,0.29,mb,mb80281129,2018-02-12T15:57:34.570Z,"37km SW of Challis, Idaho",earthquake,1.04,2.87,0.165,9,reviewed,mb,mb
2018-02-11T22:29:40.630Z,33.7,-116.7236667,16.85,1.56,ml,65,19,0.01367,0.18,ci,ci38106648,2018-02-12T17:48:05.070Z,"4km S of Idyllwild, CA",earthquake,0.18,0.34,0.178,26,reviewed,ci,ci
2018-02-11T22:04:11.960Z,44.2553333,-114.5683333,16.44,2.16,ml,8,106,0.702,0.12,mb,mb80281124,2018-02-12T15:51:25.020Z,"38km SW of Challis, Idaho",earthquake,0.38,2,0.25,8,reviewed,mb,mb
